Image ID,Image name,Annotation status,Points,AcrCerv,AgLam,AgTen,CoNat,MontaCav,OrbAnn,OrbFav,PorAstr,PorPor,PseuStrig,SidSid,AntiAme,AplyCau,AplyFist,AplyFul,AxiMor,DesAn,EncrusSpon,EriCarb,Millepora,SabeMag,SpongeClat,Urchins,Sand,sed_fine,CaveMed,CaveSma,Pavement,Rubble,SandRub,EncrustAlg,Galaxaura,Halimeda,Turf,ThalTes
3918421,2023.ENMExpuesto2.T2Q10.JPG,Confirmed,10,0,0,0,0,0,0,0,0,0,0,0,0,0,0,0,0,0,0,0,0,0,0,0,0,0,0,0,40,0,0,0,0,0,60,0
3918422,2023.ENMExpuesto2.T2Q11.JPG,Confirmed,10,0,0,0,0,0,0,0,0,0,0,0,0,0,0,0,0,0,0,0,0,0,0,0,0,10,0,0,60,0,0,0,0,0,30,0
3918423,2023.ENMExpuesto2.T2Q1.JPG,Confirmed,10,0,0,0,0,0,10,0,0,0,10,0,0,0,0,0,0,0,0,0,0,0,0,0,0,10,0,0,70,0,0,0,0,0,0,0
3918424,2023.ENMExpuesto2.T2Q2.JPG,Confirmed,10,0,0,0,20,0,0,0,0,0,0,0,0,0,0,0,0,0,0,0,0,0,0,0,0,0,10,0,70,0,0,0,0,0,0,0
3918425,2023.ENMExpuesto2.T2Q3.JPG,Confirmed,10,0,0,0,10,0,0,0,0,0,10,0,0,0,0,0,0,0,0,0,0,0,0,0,0,10,0,0,70,0,0,0,0,0,0,0
3918426,2023.ENMExpuesto2.T2Q4.JPG,Confirmed,10,0,0,0,0,0,0,10,0,0,0,0,0,0,0,0,0,0,0,0,0,0,0,0,0,0,0,0,70,0,0,0,0,0,20,0
3918427,2023.ENMExpuesto2.T2Q5.JPG,Confirmed,10,0,0,0,0,0,0,0,0,0,0,0,0,0,0,0,0,0,0,0,0,0,0,0,0,0,0,10,70,0,0,0,0,0,20,0
3918428,2023.ENMExpuesto2.T2Q6.JPG,Confirmed,10,0,0,0,0,0,0,0,0,0,0,0,0,0,0,0,0,0,0,0,0,0,0,0,0,0,0,0,80,0,0,0,0,0,20,0
3918429,2023.ENMExpuesto2.T2Q7.JPG,Confirmed,10,0,0,0,0,0,0,0,0,0,0,0,0,0,0,0,0,0,0,0,0,0,0,0,0,0,0,0,80,0,0,0,0,0,20,0
3918430,2023.ENMExpuesto2.T2Q8.JPG,Confirmed,10,0,0,0,0,0,0,0,0,0,10,0,0,0,0,0,0,0,0,0,0,0,0,0,0,0,0,10,60,0,0,0,0,0,20,0
3918420,2023.ENMExpuesto2.T2Q9.JPG,Confirmed,10,0,0,0,10,10,0,0,0,0,0,0,0,0,0,0,0,0,0,0,0,0,0,0,0,10,0,10,20,0,0,0,0,0,40,0
3918253,2023.VER.BLNQ001.T1Q10.JPG,Confirmed,10,0,0,0,0,0,0,0,0,0,0,0,0,0,0,0,0,0,0,0,0,0,0,0,90,0,0,0,0,0,0,0,0,0,10,0
3918254,2023.VER.BLNQ001.T1Q11.JPG,Confirmed,10,0,0,0,0,0,0,0,0,0,0,0,0,0,0,0,0,0,0,0,0,0,0,0,40,0,0,0,50,0,0,0,0,0,10,0
3918255,2023.VER.BLNQ001.T1Q1.JPG,Confirmed,10,0,0,0,20,0,0,0,0,0,0,0,0,0,0,0,0,0,0,0,0,0,0,0,0,40,0,0,40,0,0,0,0,0,0,0
3918256,2023.VER.BLNQ001.T1Q2.JPG,Confirmed,10,0,0,0,20,50,0,0,0,0,10,0,0,0,0,0,0,0,0,0,0,0,0,0,0,0,0,0,20,0,0,0,0,0,0,0
3918257,2023.VER.BLNQ001.T1Q3.JPG,Confirmed,10,0,0,0,0,0,0,40,0,0,0,0,0,0,0,0,0,0,0,0,0,0,0,0,0,0,0,0,0,0,0,0,0,0,60,0
3918258,2023.VER.BLNQ001.T1Q4.JPG,Confirmed,10,0,0,0,20,0,0,10,0,0,0,0,0,0,0,0,0,0,0,0,0,0,0,0,0,20,0,0,50,0,0,0,0,0,0,0
3918259,2023.VER.BLNQ001.T1Q5.JPG,Confirmed,10,0,0,0,0,20,0,0,0,0,0,0,0,0,0,0,0,0,0,0,0,0,0,0,20,0,0,0,30,10,0,0,0,0,20,0
3918260,2023.VER.BLNQ001.T1Q6.JPG,Confirmed,10,0,0,0,20,0,0,20,0,0,50,0,0,0,0,0,0,0,0,0,0,0,0,0,0,0,0,0,0,0,0,0,0,0,10,0
3918261,2023.VER.BLNQ001.T1Q7.JPG,Confirmed,10,0,0,0,10,20,0,0,0,0,10,0,0,0,0,0,0,0,0,0,0,0,0,0,10,0,0,0,10,0,0,0,0,0,40,0
3918262,2023.VER.BLNQ001.T1Q8.JPG,Confirmed,10,0,0,0,0,20,0,0,0,0,10,0,0,0,0,0,0,0,0,0,0,0,0,0,30,0,0,0,10,20,0,0,0,0,10,0
3918252,2023.VER.BLNQ001.T1Q9.JPG,Confirmed,10,0,0,0,0,0,0,0,0,0,0,0,0,0,0,0,0,0,0,0,0,0,0,0,70,0,0,0,0,0,0,0,0,0,30,0
3918266,2023.VER.BLNQ001.T2Q10.JPG,Confirmed,10,0,0,0,0,0,0,0,0,0,0,0,0,0,0,0,0,0,0,0,0,0,0,0,70,0,0,0,0,0,0,0,0,0,30,0
3918267,2023.VER.BLNQ001.T2Q11.JPG,Confirmed,10,0,0,0,0,0,0,0,0,0,0,0,0,0,0,0,0,0,0,0,0,0,0,0,40,0,0,0,30,10,0,0,0,0,20,0
3918268,2023.VER.BLNQ001.T2Q1.JPG,Confirmed,10,0,0,0,0,70,0,0,0,0,0,0,0,0,0,0,0,0,0,0,0,0,0,0,0,0,0,0,10,10,0,0,0,0,10,0
3918269,2023.VER.BLNQ001.T2Q2.JPG,Confirmed,10,0,0,0,0,30,0,0,0,0,50,0,0,0,0,0,0,0,0,0,0,0,0,0,0,0,0,0,10,0,0,0,0,0,10,0
3918270,2023.VER.BLNQ001.T2Q3.JPG,Confirmed,10,0,0,0,0,40,0,0,0,0,0,0,0,0,0,0,0,0,0,0,0,0,0,0,10,10,0,0,10,0,0,0,0,0,30,0
3918271,2023.VER.BLNQ001.T2Q4.JPG,Confirmed,10,0,0,0,0,10,0,0,0,0,0,0,0,0,0,0,0,0,0,0,0,0,0,0,10,0,0,0,70,0,0,0,0,0,10,0
3918272,2023.VER.BLNQ001.T2Q5.JPG,Confirmed,10,0,0,0,0,10,0,0,0,0,0,0,0,0,0,0,0,0,0,0,0,0,0,0,0,0,0,0,70,20,0,0,0,0,0,0
3918273,2023.VER.BLNQ001.T2Q6.JPG,Confirmed,10,0,0,0,0,20,0,0,0,0,0,0,0,0,0,0,0,0,0,0,0,0,0,0,20,0,0,0,0,60,0,0,0,0,0,0
3918263,2023.VER.BLNQ001.T2Q7.JPG,Confirmed,10,0,0,0,0,10,0,0,0,0,10,0,0,0,0,0,0,0,0,0,0,0,0,0,10,10,0,0,30,0,0,0,0,0,30,0
3918264,2023.VER.BLNQ001.T2Q8.JPG,Confirmed,10,0,0,0,0,0,0,0,0,0,0,0,0,0,0,0,0,0,0,0,0,0,0,0,60,0,0,0,0,0,0,0,0,0,40,0
3918265,2023.VER.BLNQ001.T2Q9.JPG,Confirmed,10,0,0,0,0,0,0,0,0,0,0,0,0,0,0,0,0,0,0,0,0,0,0,0,60,0,0,0,0,0,0,0,0,0,40,0
3918275,2023.VER.BLNQ002.T1Q10.JPG,Confirmed,10,0,0,0,20,20,0,20,0,0,0,0,0,0,0,0,0,0,0,0,0,0,0,0,0,10,0,0,0,0,0,0,0,0,30,0
3918276,2023.VER.BLNQ002.T1Q11.JPG,Confirmed,10,0,0,0,20,40,0,0,0,0,0,0,0,0,0,0,0,0,0,0,0,0,0,0,0,0,0,10,0,0,0,0,0,0,30,0
3918279,2023.VER.BLNQ002.T1Q2.JPG,Confirmed,10,0,0,0,10,10,0,20,0,0,0,0,0,0,0,0,0,0,0,0,0,0,0,0,0,20,0,0,0,0,0,0,0,0,40,0
3918280,2023.VER.BLNQ002.T1Q3.JPG,Confirmed,10,0,0,0,20,0,0,10,0,0,10,0,0,0,0,0,0,0,0,0,0,0,0,0,0,0,0,0,20,0,0,0,0,0,40,0
3918281,2023.VER.BLNQ002.T1Q4.JPG,Confirmed,10,0,0,0,0,20,0,0,0,0,0,0,0,0,0,0,0,0,0,0,0,0,0,0,0,10,0,0,30,0,0,0,0,0,40,0
3918282,2023.VER.BLNQ002.T1Q5.JPG,Confirmed,10,0,0,0,0,30,0,0,0,0,0,0,0,0,0,0,0,0,0,0,0,0,0,0,40,0,0,0,10,0,0,0,0,0,20,0
3918283,2023.VER.BLNQ002.T1Q6.JPG,Confirmed,10,0,0,0,0,60,0,0,0,0,0,0,0,0,0,0,0,0,0,0,0,0,0,0,20,0,0,0,0,0,0,0,0,0,20,0
3918284,2023.VER.BLNQ002.T1Q7.JPG,Confirmed,10,0,0,0,0,0,0,0,0,0,0,0,0,0,0,0,0,0,0,0,0,0,0,0,20,0,10,0,40,0,0,0,0,0,30,0
3918285,2023.VER.BLNQ002.T1Q8.JPG,Confirmed,10,0,0,0,0,10,0,0,0,0,20,0,0,0,0,0,0,0,0,0,0,0,10,0,0,10,10,10,30,0,0,0,0,0,0,0
3918274,2023.VER.BLNQ002.T1Q9.JPG,Confirmed,10,0,0,0,0,20,0,0,0,0,10,0,0,0,0,0,0,0,0,0,0,0,0,0,0,10,0,0,30,0,0,0,0,0,30,0
3918289,2023.VER.BLNQ002.T2Q10.JPG,Confirmed,10,0,0,0,0,0,0,0,0,0,0,0,20,0,0,0,0,0,0,0,0,0,0,0,0,0,0,0,10,50,0,0,0,0,20,0
3918290,2023.VER.BLNQ002.T2Q11.JPG,Confirmed,10,0,0,0,0,0,0,0,0,0,0,0,60,0,0,0,0,0,0,0,0,0,0,0,20,0,0,0,0,20,0,0,0,0,0,0
3918291,2023.VER.BLNQ002.T2Q1.JPG,Confirmed,10,0,0,0,0,10,0,0,0,0,0,0,0,0,0,0,0,0,0,0,0,0,0,0,0,0,0,0,10,80,0,0,0,0,0,0
3918292,2023.VER.BLNQ002.T2Q2.JPG,Confirmed,10,0,0,0,0,0,0,0,0,0,0,0,0,0,0,0,0,0,0,0,0,0,0,0,10,0,0,0,10,40,0,0,0,0,40,0
3918294,2023.VER.BLNQ002.T2Q3.JPG,Confirmed,10,0,0,0,0,0,0,0,0,0,0,0,20,0,0,0,0,0,0,0,0,0,0,0,10,0,0,0,0,70,0,0,0,0,0,0
3918295,2023.VER.BLNQ002.T2Q4.JPG,Confirmed,10,0,0,0,0,0,0,0,0,0,0,0,0,0,0,0,0,0,0,0,0,0,0,0,90,0,0,0,0,10,0,0,0,0,0,0
3918296,2023.VER.BLNQ002.T2Q5.JPG,Confirmed,10,0,0,0,60,0,0,0,0,0,10,0,0,0,0,0,0,0,0,0,0,0,0,0,10,0,0,0,0,20,0,0,0,0,0,0
3918297,2023.VER.BLNQ002.T2Q6.JPG,Confirmed,10,0,0,0,0,0,0,0,0,0,0,0,0,0,0,0,0,0,0,0,0,0,0,0,90,0,0,0,0,10,0,0,0,0,0,0
3918298,2023.VER.BLNQ002.T2Q7.JPG,Confirmed,10,0,0,0,0,0,0,0,0,0,0,0,0,0,0,0,0,0,10,0,0,0,0,0,10,0,0,0,10,30,0,0,0,0,40,0
3918299,2023.VER.BLNQ002.T2Q8.JPG,Confirmed,10,0,0,0,0,0,0,0,0,0,0,0,0,0,0,0,0,0,0,0,0,0,0,0,10,0,0,0,10,50,0,0,0,0,30,0
3918288,2023.VER.BLNQ002.T2Q9.JPG,Confirmed,10,0,0,0,0,0,0,0,0,0,0,0,10,0,0,0,0,0,10,0,0,0,0,0,10,0,0,0,20,50,0,0,0,0,0,0
3918301,2023.VER.BLNQ003.T1Q10.JPG,Confirmed,10,0,0,0,0,20,0,0,0,0,0,0,0,0,0,0,0,0,10,0,0,0,0,0,10,0,0,0,10,10,0,0,0,0,40,0
3918302,2023.VER.BLNQ003.T1Q11.JPG,Confirmed,10,0,0,0,0,50,0,20,0,0,0,0,0,0,0,0,0,0,10,0,0,0,0,0,20,0,0,0,0,0,0,0,0,0,0,0
3918303,2023.VER.BLNQ003.T1Q1.JPG,Confirmed,10,0,0,0,0,0,0,0,0,0,0,0,0,0,0,0,0,0,10,0,0,0,0,0,0,10,0,0,0,30,0,0,0,0,50,0
3918304,2023.VER.BLNQ003.T1Q2.JPG,Confirmed,10,0,0,0,0,50,0,0,0,0,0,0,0,0,0,0,0,0,10,0,0,0,0,0,0,0,0,0,0,30,0,0,0,0,10,0
3918305,2023.VER.BLNQ003.T1Q3.JPG,Confirmed,10,0,0,0,0,60,0,0,0,0,0,0,0,0,0,0,0,10,0,0,0,0,0,0,20,0,0,0,0,10,0,0,0,0,0,0
3918306,2023.VER.BLNQ003.T1Q4.JPG,Confirmed,10,0,0,0,0,30,0,0,0,0,0,0,0,0,0,0,0,0,0,0,0,0,0,0,60,0,0,0,0,0,0,0,0,0,10,0
3918307,2023.VER.BLNQ003.T1Q5.JPG,Confirmed,10,0,0,0,0,0,0,0,0,0,0,0,0,0,0,0,0,0,0,0,0,0,0,0,10,10,0,0,0,0,0,0,0,0,80,0
3918308,2023.VER.BLNQ003.T1Q6.JPG,Confirmed,10,0,0,0,0,20,0,0,0,0,0,0,0,0,0,0,0,0,0,0,0,0,0,0,0,10,0,0,0,10,0,0,0,0,60,0
3918309,2023.VER.BLNQ003.T1Q7.JPG,Confirmed,10,0,0,0,0,40,0,0,0,0,0,0,0,0,0,0,0,0,0,0,0,0,0,0,30,0,0,0,0,20,0,0,0,0,10,0
3918310,2023.VER.BLNQ003.T1Q8.JPG,Confirmed,10,0,0,0,0,0,0,0,0,0,0,0,0,0,0,0,10,30,0,0,0,0,0,0,20,0,0,0,0,0,0,0,0,0,40,0
3918300,2023.VER.BLNQ003.T1Q9.JPG,Confirmed,10,0,0,0,0,0,0,0,0,0,0,0,0,0,0,0,0,0,0,0,0,0,0,0,40,0,0,0,0,40,0,0,0,0,20,0
3918312,2023.VER.BLNQ003.T2Q10.JPG,Confirmed,10,0,0,0,0,30,0,0,0,0,0,0,0,0,0,0,0,0,0,0,0,0,0,0,20,0,0,0,0,20,0,0,0,0,30,0
3918313,2023.VER.BLNQ003.T2Q11.JPG,Confirmed,10,0,0,0,0,20,0,0,0,0,0,0,0,0,0,0,0,20,0,0,0,0,0,0,10,30,0,0,0,0,0,0,0,0,20,0
3918314,2023.VER.BLNQ003.T2Q1.JPG,Confirmed,10,0,0,0,0,30,0,0,0,0,0,0,0,0,0,0,0,0,10,0,0,0,0,0,0,0,0,0,0,20,0,0,0,0,40,0
3918315,2023.VER.BLNQ003.T2Q2.JPG,Confirmed,10,0,0,0,0,30,0,0,0,0,0,0,0,0,0,0,0,10,0,0,0,0,0,0,20,0,0,0,0,20,0,0,0,0,20,0
3918316,2023.VER.BLNQ003.T2Q3.JPG,Confirmed,10,0,0,0,0,10,0,0,0,0,30,0,0,0,0,0,0,0,0,0,0,0,0,0,40,0,0,0,0,20,0,0,0,0,0,0
3918317,2023.VER.BLNQ003.T2Q4.JPG,Confirmed,10,0,0,0,0,40,0,0,0,0,0,0,0,0,0,0,0,0,0,0,0,0,0,0,0,0,0,0,0,40,0,0,0,0,20,0
3918318,2023.VER.BLNQ003.T2Q5.JPG,Confirmed,10,0,0,0,0,20,0,0,0,0,10,10,0,0,0,0,0,0,10,0,0,0,0,0,0,20,0,0,0,0,0,0,0,0,30,0
3918319,2023.VER.BLNQ003.T2Q6.JPG,Confirmed,10,0,0,0,0,30,0,0,0,0,0,0,0,0,0,0,0,0,0,0,0,0,0,0,0,0,0,0,20,10,0,0,0,0,40,0
3918320,2023.VER.BLNQ003.T2Q7.JPG,Confirmed,10,0,0,0,0,0,0,0,0,0,60,0,0,0,0,0,0,0,0,0,0,0,0,0,0,0,0,0,0,0,0,0,0,0,40,0
3918321,2023.VER.BLNQ003.T2Q8.JPG,Confirmed,10,0,0,0,0,40,0,0,0,0,0,0,0,0,0,0,0,0,20,20,0,10,0,0,0,10,0,0,0,0,0,0,0,0,0,0
3918311,2023.VER.BLNQ003.T2Q9.JPG,Confirmed,10,0,0,0,0,30,0,0,0,0,0,0,0,0,0,0,0,0,0,0,0,0,0,0,40,0,0,0,0,20,0,0,0,0,10,0
3918476,2023.VER.Catedrales.T1Q10.JPG,Confirmed,10,0,0,0,20,0,0,0,0,0,0,0,0,0,0,0,0,0,10,0,0,0,0,0,0,0,0,0,0,70,0,0,0,0,0,0
3918477,2023.VER.Catedrales.T1Q11.JPG,Confirmed,10,0,0,0,30,0,0,0,0,0,0,0,0,0,0,0,0,0,20,0,0,0,0,0,0,0,10,0,40,0,0,0,0,0,0,0
3918478,2023.VER.Catedrales.T1Q1.JPG,Confirmed,10,0,0,0,30,0,0,0,0,0,0,0,0,0,0,0,0,0,0,10,10,0,0,0,0,0,20,0,30,0,0,0,0,0,0,0
3918479,2023.VER.Catedrales.T1Q2.JPG,Confirmed,10,0,0,0,0,0,0,0,0,0,0,0,0,20,0,0,0,0,0,0,0,0,0,0,0,0,0,0,0,80,0,0,0,0,0,0
3918480,2023.VER.Catedrales.T1Q3.JPG,Confirmed,10,0,0,0,70,0,0,0,0,0,0,0,0,0,0,0,0,0,0,0,0,0,0,0,0,0,0,0,30,0,0,0,0,0,0,0
3918481,2023.VER.Catedrales.T1Q4.JPG,Confirmed,10,0,0,0,0,0,0,0,0,0,0,0,0,0,0,0,0,0,0,0,0,0,0,0,0,40,10,0,30,20,0,0,0,0,0,0
3918482,2023.VER.Catedrales.T1Q5.JPG,Confirmed,10,0,0,0,0,0,0,0,0,0,0,0,0,0,0,0,0,0,0,0,0,0,0,0,0,20,10,30,40,0,0,0,0,0,0,0
3918483,2023.VER.Catedrales.T1Q6.JPG,Confirmed,10,0,0,0,10,0,0,0,0,0,0,0,0,0,0,0,0,0,0,70,0,0,0,0,0,0,0,0,20,0,0,0,0,0,0,0
3918484,2023.VER.Catedrales.T1Q7.JPG,Confirmed,10,0,0,0,0,0,0,0,0,0,0,0,0,0,0,0,0,0,30,0,0,0,0,0,0,0,0,10,60,0,0,0,0,0,0,0
3918485,2023.VER.Catedrales.T1Q8.JPG,Confirmed,10,0,0,0,10,0,0,0,0,0,0,0,0,0,0,0,0,0,20,20,0,0,0,0,0,40,0,0,10,0,0,0,0,0,0,0
3918475,2023.VER.Catedrales.T1Q9.JPG,Confirmed,10,0,0,0,0,0,0,0,0,0,0,0,0,0,0,0,0,0,0,0,0,0,0,0,0,10,30,0,60,0,0,0,0,0,0,0
3918491,2023.VER.Catedrales.T2Q10.JPG,Confirmed,10,30,0,0,20,0,0,0,0,0,0,0,0,0,0,0,0,0,0,0,0,0,0,0,0,0,0,0,10,40,0,0,0,0,0,0
3918492,2023.VER.Catedrales.T2Q11.JPG,Confirmed,10,0,0,0,10,0,0,0,0,0,0,0,0,0,0,0,0,0,0,0,0,0,0,0,0,10,0,20,40,20,0,0,0,0,0,0
3918493,2023.VER.Catedrales.T2Q1.JPG,Confirmed,10,0,0,0,0,0,0,0,0,0,0,0,0,0,0,0,0,0,0,0,0,0,0,0,0,0,0,0,20,80,0,0,0,0,0,0
3918494,2023.VER.Catedrales.T2Q2.JPG,Confirmed,10,0,0,0,0,0,0,0,0,0,0,0,0,0,0,0,0,0,0,0,0,0,0,0,0,0,0,0,0,100,0,0,0,0,0,0
3918495,2023.VER.Catedrales.T2Q3.JPG,Confirmed,10,0,0,0,0,0,0,0,0,0,0,0,0,0,0,0,0,0,10,0,0,0,0,0,0,10,0,0,0,80,0,0,0,0,0,0
3918496,2023.VER.Catedrales.T2Q4.JPG,Confirmed,10,0,0,0,0,0,0,0,0,0,0,0,0,0,0,0,0,0,0,0,0,0,0,0,0,0,0,0,0,90,0,0,0,0,10,0
3918486,2023.VER.Catedrales.T2Q5.JPG,Confirmed,10,40,0,0,10,0,0,0,0,0,0,0,0,0,0,0,0,0,0,0,0,0,0,0,0,0,0,0,0,50,0,0,0,0,0,0
3918487,2023.VER.Catedrales.T2Q6.JPG,Confirmed,10,10,0,0,50,0,0,0,0,0,10,0,0,0,0,0,0,0,0,10,10,0,0,0,0,0,0,0,0,0,0,0,0,0,10,0
3918488,2023.VER.Catedrales.T2Q7.JPG,Confirmed,10,10,0,0,20,0,0,0,0,0,0,0,0,0,0,0,0,0,10,20,0,0,0,0,0,0,0,0,30,10,0,0,0,0,0,0
3918489,2023.VER.Catedrales.T2Q8.JPG,Confirmed,10,20,0,0,0,0,0,0,0,0,0,0,0,0,0,0,0,0,0,30,0,0,0,0,0,0,0,0,0,50,0,0,0,0,0,0
3918490,2023.VER.Catedrales.T2Q9.JPG,Confirmed,10,0,0,0,50,0,0,0,0,0,0,0,0,0,0,0,0,0,10,10,10,0,0,0,0,0,0,0,0,20,0,0,0,0,0,0
3918192,2023.VER.ColasdeGato.T1Q10.JPG,Confirmed,10,0,0,0,0,0,0,0,0,0,0,0,0,0,0,0,0,0,0,0,0,0,0,0,80,0,0,0,0,10,0,0,0,0,10,0
3918193,2023.VER.ColasdeGato.T1Q11.JPG,Confirmed,10,0,0,0,0,0,0,0,0,0,0,0,0,0,0,0,0,0,0,0,0,0,0,0,70,0,0,0,0,0,0,0,0,0,30,0
3918194,2023.VER.ColasdeGato.T1Q1.JPG,Confirmed,10,0,0,0,0,0,0,0,0,0,0,0,10,0,0,0,0,0,0,0,0,0,0,0,30,30,0,0,30,0,0,0,0,0,0,0
3918195,2023.VER.ColasdeGato.T1Q2.JPG,Confirmed,10,0,0,0,0,0,0,0,0,0,0,0,20,0,0,0,0,0,0,0,0,0,0,0,60,0,0,0,0,0,0,0,0,0,20,0
3918196,2023.VER.ColasdeGato.T1Q3.JPG,Confirmed,10,0,0,0,0,0,0,0,0,0,0,0,20,0,0,0,0,0,0,0,0,0,0,0,60,10,0,0,0,0,0,0,0,0,10,0
3918186,2023.VER.ColasdeGato.T1Q4.JPG,Confirmed,10,0,0,0,0,0,0,0,0,0,0,0,0,0,0,0,0,0,0,0,0,0,0,0,80,0,0,0,0,20,0,0,0,0,0,0
3918187,2023.VER.ColasdeGato.T1Q5.JPG,Confirmed,10,0,0,0,0,0,0,0,0,0,0,0,0,0,0,0,0,0,0,0,0,0,0,0,60,0,0,0,0,20,0,0,0,0,20,0
3918188,2023.VER.ColasdeGato.T1Q6.JPG,Confirmed,10,0,0,0,0,0,0,0,0,0,0,0,0,0,0,0,0,0,0,0,0,0,0,0,100,0,0,0,0,0,0,0,0,0,0,0
3918189,2023.VER.ColasdeGato.T1Q7.JPG,Confirmed,10,0,0,0,0,0,0,0,0,0,0,0,30,0,0,0,0,0,0,0,0,0,0,0,40,0,0,0,10,0,0,0,0,0,20,0
3918190,2023.VER.ColasdeGato.T1Q8.JPG,Confirmed,10,0,0,0,0,0,0,0,0,0,0,0,10,0,0,0,0,0,0,0,0,0,0,0,80,0,0,0,0,0,10,0,0,0,0,0
3918191,2023.VER.ColasdeGato.T1Q9.JPG,Confirmed,10,0,0,0,0,0,0,0,0,0,0,0,50,0,0,0,0,0,0,0,0,0,0,0,30,0,0,0,10,10,0,0,0,0,0,0
3918201,2023.VER.ColasdeGato.T2Q10.JPG,Confirmed,10,0,0,0,0,0,0,0,0,0,0,0,0,0,0,0,0,0,0,0,0,0,0,0,90,0,0,0,0,0,0,0,0,0,10,0
3918202,2023.VER.ColasdeGato.T2Q11.JPG,Confirmed,10,0,0,0,0,0,0,0,0,0,10,0,0,0,0,0,0,0,0,0,0,0,0,0,70,0,0,0,20,0,0,0,0,0,0,0
3918203,2023.VER.ColasdeGato.T2Q1.JPG,Confirmed,10,0,0,0,0,0,0,0,0,0,0,0,0,0,0,0,0,0,0,0,0,0,0,0,20,0,0,0,0,30,0,0,0,0,50,0
3918204,2023.VER.ColasdeGato.T2Q2.JPG,Confirmed,10,0,0,0,0,0,0,0,0,0,0,0,0,0,0,0,0,0,0,0,0,0,0,0,80,0,0,0,0,0,0,0,0,0,20,0
3918205,2023.VER.ColasdeGato.T2Q3.JPG,Confirmed,10,0,0,0,0,0,0,0,0,0,0,0,0,0,0,0,0,0,0,0,0,0,0,0,50,0,0,0,0,10,0,0,0,0,40,0
3918206,2023.VER.ColasdeGato.T2Q4.JPG,Confirmed,10,0,0,0,0,0,0,0,0,0,0,0,0,0,0,0,0,0,0,0,0,0,0,0,60,0,0,0,0,20,0,0,0,0,20,0
3918207,2023.VER.ColasdeGato.T2Q5.JPG,Confirmed,10,0,0,0,0,0,0,0,0,0,0,0,0,0,0,0,0,0,0,0,0,0,0,0,80,0,0,0,0,0,0,0,0,0,20,0
3918197,2023.VER.ColasdeGato.T2Q6.JPG,Confirmed,10,0,0,0,0,0,0,0,0,0,0,0,0,0,0,0,0,0,0,0,0,0,0,0,100,0,0,0,0,0,0,0,0,0,0,0
3918198,2023.VER.ColasdeGato.T2Q7.JPG,Confirmed,10,0,0,0,0,0,0,0,0,0,0,0,20,0,0,0,0,0,0,0,0,0,0,0,80,0,0,0,0,0,0,0,0,0,0,0
3918199,2023.VER.ColasdeGato.T2Q8.JPG,Confirmed,10,0,0,0,0,0,0,0,0,0,0,0,30,0,0,0,0,0,0,0,0,0,0,0,50,0,0,0,0,0,0,0,0,0,20,0
3918200,2023.VER.ColasdeGato.T2Q9.JPG,Confirmed,10,0,0,0,0,0,0,0,0,0,0,0,80,0,0,0,0,0,0,0,0,0,0,0,10,0,0,0,0,10,0,0,0,0,0,0
3918209,2023.VER.DoceMetros.T1Q10.JPG,Confirmed,10,0,0,0,10,0,0,0,0,0,20,0,0,0,0,0,0,0,0,0,0,0,0,0,0,0,0,0,0,70,0,0,0,0,0,0
3918210,2023.VER.DoceMetros.T1Q11.JPG,Confirmed,10,0,0,0,0,0,0,0,0,0,0,0,40,0,0,0,0,0,0,0,0,0,0,0,0,30,0,0,10,20,0,0,0,0,0,0
3918211,2023.VER.DoceMetros.T1Q1.JPG,Confirmed,10,0,0,0,0,0,0,0,0,0,0,20,30,0,0,0,0,0,0,0,0,0,0,0,20,0,0,0,0,30,0,0,0,0,0,0
3918212,2023.VER.DoceMetros.T1Q2.JPG,Confirmed,10,0,0,0,0,30,0,0,0,0,0,0,70,0,0,0,0,0,0,0,0,0,0,0,0,0,0,0,0,0,0,0,0,0,0,0
3918213,2023.VER.DoceMetros.T1Q3.JPG,Confirmed,10,0,0,0,30,0,0,0,0,0,0,0,0,0,10,0,0,0,0,0,0,10,0,0,20,0,0,0,0,10,0,0,0,0,20,0
3918214,2023.VER.DoceMetros.T1Q4.JPG,Confirmed,10,0,0,0,0,0,0,10,0,0,0,0,10,0,0,0,0,0,0,0,0,0,0,0,10,0,0,0,0,0,0,0,0,0,70,0
3918215,2023.VER.DoceMetros.T1Q5.JPG,Confirmed,10,0,0,0,0,0,0,30,0,0,0,0,70,0,0,0,0,0,0,0,0,0,0,0,0,0,0,0,0,0,0,0,0,0,0,0
3918216,2023.VER.DoceMetros.T1Q6.JPG,Confirmed,10,0,0,0,0,0,0,0,0,0,0,0,80,0,0,0,0,0,0,0,0,0,0,0,10,0,0,0,0,0,0,0,0,0,10,0
3918217,2023.VER.DoceMetros.T1Q7.JPG,Confirmed,10,0,0,0,0,0,0,70,0,0,0,0,10,0,0,0,0,0,0,0,0,0,0,0,0,0,0,0,0,10,0,0,0,0,10,0
3918218,2023.VER.DoceMetros.T1Q8.JPG,Confirmed,10,0,0,0,10,0,0,0,0,0,0,0,30,0,0,0,0,0,0,0,0,0,0,0,0,20,10,0,30,0,0,0,0,0,0,0
3918208,2023.VER.DoceMetros.T1Q9.JPG,Confirmed,10,0,0,0,0,0,0,10,0,0,0,0,10,0,0,0,0,0,0,0,0,0,0,0,10,0,0,0,0,60,0,0,0,0,10,0
3918220,2023.VER.DoceMetros.T2Q10.JPG,Confirmed,10,0,0,0,0,0,0,0,0,0,0,0,80,0,0,0,0,0,0,0,0,0,0,0,0,0,0,0,0,20,0,0,0,0,0,0
3918221,2023.VER.DoceMetros.T2Q11.JPG,Confirmed,10,0,0,0,0,0,0,0,0,0,0,0,50,0,0,0,0,0,0,0,0,0,0,0,10,0,0,0,0,40,0,0,0,0,0,0
3918222,2023.VER.DoceMetros.T2Q1.JPG,Confirmed,10,0,0,0,0,0,0,0,0,0,0,0,0,0,0,0,0,0,0,0,0,0,0,0,0,50,0,0,10,40,0,0,0,0,0,0
3918223,2023.VER.DoceMetros.T2Q2.JPG,Confirmed,10,0,0,0,0,0,0,0,0,0,0,0,0,0,0,0,0,0,0,0,0,0,0,0,0,50,0,0,30,10,0,0,0,0,10,0
3918224,2023.VER.DoceMetros.T2Q3.JPG,Confirmed,10,0,0,0,40,0,0,0,0,0,0,0,0,0,0,0,0,0,0,0,0,0,0,0,0,10,0,0,30,20,0,0,0,0,0,0
3918225,2023.VER.DoceMetros.T2Q4.JPG,Confirmed,10,0,0,0,0,0,0,0,0,0,20,0,0,0,0,0,0,0,0,0,0,0,0,0,0,20,0,0,50,10,0,0,0,0,0,0
3918226,2023.VER.DoceMetros.T2Q5.JPG,Confirmed,10,0,0,0,10,0,0,0,0,0,0,0,0,0,0,0,0,0,0,0,0,0,0,0,0,20,20,0,50,0,0,0,0,0,0,0
3918227,2023.VER.DoceMetros.T2Q6.JPG,Confirmed,10,0,0,0,0,0,0,0,0,0,0,0,10,0,0,0,0,0,0,0,0,0,0,0,20,0,0,0,0,60,0,0,0,0,10,0
3918228,2023.VER.DoceMetros.T2Q7.JPG,Confirmed,10,0,0,0,0,0,0,0,0,0,0,0,40,0,0,0,0,0,0,0,0,0,0,0,30,0,0,0,0,30,0,0,0,0,0,0
3918229,2023.VER.DoceMetros.T2Q8.JPG,Confirmed,10,0,0,0,0,0,0,0,0,0,0,0,100,0,0,0,0,0,0,0,0,0,0,0,0,0,0,0,0,0,0,0,0,0,0,0
3918219,2023.VER.DoceMetros.T2Q9.JPG,Confirmed,10,0,0,0,0,0,0,0,0,0,0,0,50,0,0,0,0,0,0,0,0,0,0,0,40,0,0,0,0,10,0,0,0,0,0,0
3918233,2023.VER.ElAncla.T1Q10.JPG,Confirmed,10,0,0,0,0,0,0,0,0,0,0,0,0,0,0,0,0,0,0,0,0,0,0,0,0,0,0,0,0,0,0,100,0,0,0,0
3918234,2023.VER.ElAncla.T1Q11.JPG,Confirmed,10,0,0,0,0,0,0,0,0,0,0,0,0,0,0,0,0,0,0,0,0,0,0,0,0,0,0,0,70,0,0,30,0,0,0,0
3918235,2023.VER.ElAncla.T1Q1.JPG,Confirmed,10,0,0,0,0,0,0,0,0,0,0,0,0,0,0,0,0,0,0,0,0,0,0,0,0,0,10,0,80,0,0,10,0,0,0,0
3918236,2023.VER.ElAncla.T1Q2.JPG,Confirmed,10,0,0,0,0,0,0,0,0,0,0,0,0,0,0,0,0,0,0,0,0,0,0,0,0,0,20,0,80,0,0,0,0,0,0,0
3918237,2023.VER.ElAncla.T1Q3.JPG,Confirmed,10,0,0,0,0,0,0,0,0,0,0,0,0,0,0,0,0,0,0,0,0,0,0,10,0,0,0,0,80,0,0,10,0,0,0,0
3918238,2023.VER.ElAncla.T1Q4.JPG,Confirmed,10,0,0,0,10,0,0,0,0,0,0,0,0,0,0,0,0,0,0,0,0,0,0,0,0,0,0,0,80,0,0,10,0,0,0,0
3918239,2023.VER.ElAncla.T1Q5.JPG,Confirmed,10,0,0,0,0,0,0,0,0,0,0,0,0,0,0,0,0,0,0,0,0,0,0,0,0,0,30,0,40,0,0,30,0,0,0,0
3918240,2023.VER.ElAncla.T1Q6.JPG,Confirmed,10,0,0,0,0,0,0,0,0,0,0,0,0,0,0,0,0,0,0,0,0,0,0,0,0,0,0,0,90,0,0,10,0,0,0,0
3918230,2023.VER.ElAncla.T1Q7.JPG,Confirmed,10,0,0,0,0,0,0,0,0,0,0,0,0,0,0,0,0,0,0,0,0,0,0,0,0,0,40,10,50,0,0,0,0,0,0,0
3918231,2023.VER.ElAncla.T1Q8.JPG,Confirmed,10,0,0,0,0,0,0,0,0,0,0,0,0,0,0,0,0,0,0,0,0,0,0,0,0,0,0,0,100,0,0,0,0,0,0,0
3918232,2023.VER.ElAncla.T1Q9.JPG,Confirmed,10,0,0,0,0,0,0,0,0,0,0,0,0,0,0,0,0,0,0,0,0,0,0,0,0,0,10,0,60,0,0,30,0,0,0,0
3918242,2023.VER.ElAncla.T2Q10.JPG,Confirmed,10,0,0,0,0,0,0,0,0,0,0,0,0,0,0,0,0,0,0,0,0,0,0,0,0,0,0,0,90,0,0,10,0,0,0,0
3918243,2023.VER.ElAncla.T2Q11.JPG,Confirmed,10,0,0,0,0,0,0,0,0,0,0,0,0,0,0,0,0,0,0,0,0,0,0,0,0,0,40,0,50,0,0,10,0,0,0,0
3918244,2023.VER.ElAncla.T2Q1.JPG,Confirmed,10,0,0,0,0,0,0,0,0,0,0,0,0,0,0,0,0,0,0,0,0,0,0,0,0,0,0,0,70,0,0,30,0,0,0,0
3918245,2023.VER.ElAncla.T2Q2.JPG,Confirmed,10,0,0,0,0,0,0,0,0,0,0,0,0,0,0,0,0,0,0,0,0,0,0,0,0,0,0,0,80,0,0,20,0,0,0,0
3918246,2023.VER.ElAncla.T2Q3.JPG,Confirmed,10,0,0,0,0,0,0,0,0,0,0,0,0,0,0,0,0,0,0,0,0,0,0,0,0,0,0,0,90,0,0,10,0,0,0,0
3918247,2023.VER.ElAncla.T2Q4.JPG,Confirmed,10,0,0,0,0,0,0,0,0,0,0,0,0,0,0,0,0,0,0,0,0,0,0,0,0,0,20,10,60,0,0,10,0,0,0,0
3918248,2023.VER.ElAncla.T2Q5.JPG,Confirmed,10,0,0,0,0,0,0,0,0,0,0,0,0,0,0,0,0,0,0,0,0,0,0,0,0,0,20,0,70,0,0,10,0,0,0,0
3918249,2023.VER.ElAncla.T2Q6.JPG,Confirmed,10,0,0,0,0,0,0,0,0,0,0,0,0,0,0,0,0,0,0,0,0,0,0,0,0,0,10,0,90,0,0,0,0,0,0,0
3918250,2023.VER.ElAncla.T2Q7.JPG,Confirmed,10,0,0,0,0,0,0,0,0,0,0,0,0,0,0,0,0,0,0,0,0,0,0,0,0,0,30,0,60,0,0,10,0,0,0,0
3918251,2023.VER.ElAncla.T2Q8.JPG,Confirmed,10,0,0,0,0,0,0,0,0,0,0,0,0,0,0,0,0,0,0,0,0,0,0,0,0,0,10,10,80,0,0,0,0,0,0,0
3918241,2023.VER.ElAncla.T2Q9.JPG,Confirmed,10,0,0,0,0,0,0,0,0,0,30,0,0,0,0,0,0,0,0,0,0,0,0,0,0,0,0,0,30,0,0,40,0,0,0,0
3918459,2023.VER.Enmedio001.T1Q10.JPG,Confirmed,10,0,0,0,0,0,0,0,0,0,0,0,0,0,0,0,0,0,0,0,0,0,0,0,20,0,0,0,0,80,0,0,0,0,0,0
3918460,2023.VER.Enmedio001.T1Q11.JPG,Confirmed,10,0,0,0,0,0,0,0,0,0,0,0,0,0,0,0,0,0,0,0,0,0,0,0,20,0,0,0,0,80,0,0,0,0,0,0
3918461,2023.VER.Enmedio001.T1Q1.JPG,Confirmed,10,0,0,0,0,0,0,0,0,0,0,0,0,0,0,0,0,0,0,0,0,0,0,0,80,0,0,0,0,20,0,0,0,0,0,0
3918462,2023.VER.Enmedio001.T1Q2.JPG,Confirmed,10,0,0,0,0,0,0,0,0,0,0,0,0,0,0,0,0,10,10,0,0,0,0,0,60,0,0,0,0,20,0,0,0,0,0,0
3918463,2023.VER.Enmedio001.T1Q3.JPG,Confirmed,10,0,0,0,0,0,0,0,0,0,0,0,0,0,0,0,0,0,0,0,0,0,0,0,90,0,0,0,0,10,0,0,0,0,0,0
3918453,2023.VER.Enmedio001.T1Q4.JPG,Confirmed,10,0,0,0,10,0,0,0,0,0,0,0,0,0,0,0,0,0,0,0,0,0,0,0,70,0,0,0,0,0,0,0,0,0,20,0
3918454,2023.VER.Enmedio001.T1Q5.JPG,Confirmed,10,0,0,0,0,0,0,0,0,0,0,0,0,0,0,0,0,0,0,0,0,0,0,0,80,0,0,0,0,20,0,0,0,0,0,0
3918455,2023.VER.Enmedio001.T1Q6.JPG,Confirmed,10,0,0,0,0,0,0,0,0,0,0,0,0,0,0,0,0,0,0,0,0,0,0,0,0,0,0,0,0,80,0,0,0,0,20,0
3918456,2023.VER.Enmedio001.T1Q7.JPG,Confirmed,10,0,0,0,0,0,0,0,0,0,10,10,0,0,0,0,0,0,0,0,0,0,0,0,40,0,0,0,0,40,0,0,0,0,0,0
3918457,2023.VER.Enmedio001.T1Q8.JPG,Confirmed,10,0,0,0,0,0,0,0,0,0,0,0,0,0,0,0,0,0,0,0,0,0,0,0,40,0,0,0,0,60,0,0,0,0,0,0
3918458,2023.VER.Enmedio001.T1Q9.JPG,Confirmed,10,0,0,0,0,0,0,0,0,0,0,0,0,0,0,0,0,0,10,0,0,0,0,0,40,0,0,0,0,40,0,0,0,0,10,0
3918465,2023.VER.Enmedio001.T2Q10.JPG,Confirmed,10,0,0,0,0,0,0,0,0,0,0,0,0,0,0,0,0,0,0,0,0,0,0,0,10,0,0,0,0,90,0,0,0,0,0,0
3918466,2023.VER.Enmedio001.T2Q11.JPG,Confirmed,10,0,0,0,0,0,0,0,0,0,10,0,0,0,0,0,0,0,0,0,0,0,0,0,20,10,0,0,0,50,0,0,0,0,10,0
3918467,2023.VER.Enmedio001.T2Q1.JPG,Confirmed,10,0,0,0,0,0,0,0,0,0,0,0,0,0,0,0,0,0,0,0,0,0,0,0,60,0,0,0,0,40,0,0,0,0,0,0
3918468,2023.VER.Enmedio001.T2Q2.JPG,Confirmed,10,0,0,0,0,0,0,0,0,0,0,0,0,0,0,0,0,0,0,0,0,0,0,0,0,0,0,0,0,100,0,0,0,0,0,0
3918469,2023.VER.Enmedio001.T2Q3.JPG,Confirmed,10,0,0,0,0,0,0,0,0,0,0,0,0,0,0,0,0,0,0,0,0,0,0,0,40,0,0,0,0,60,0,0,0,0,0,0
3918470,2023.VER.Enmedio001.T2Q4.JPG,Confirmed,10,0,0,0,0,0,0,0,0,0,0,0,0,0,0,0,0,0,0,0,0,0,0,0,30,0,0,0,0,70,0,0,0,0,0,0
3918471,2023.VER.Enmedio001.T2Q5.JPG,Confirmed,10,0,0,0,0,0,0,0,0,0,0,0,0,0,0,0,0,0,0,0,0,0,0,0,0,0,0,0,0,100,0,0,0,0,0,0
3918472,2023.VER.Enmedio001.T2Q6.JPG,Confirmed,10,0,0,0,0,0,0,0,0,0,0,0,0,0,0,0,0,0,0,0,0,0,0,0,0,0,0,0,0,100,0,0,0,0,0,0
3918473,2023.VER.Enmedio001.T2Q7.JPG,Confirmed,10,0,0,0,0,0,0,0,0,0,60,0,0,0,0,0,0,0,0,0,0,0,0,0,10,0,0,0,0,30,0,0,0,0,0,0
3918474,2023.VER.Enmedio001.T2Q8.JPG,Confirmed,10,0,0,0,0,0,0,0,0,0,70,0,0,0,0,0,0,0,0,0,0,0,0,0,0,0,0,0,0,30,0,0,0,0,0,0
3918464,2023.VER.Enmedio001.T2Q9.JPG,Confirmed,10,0,0,0,0,0,0,0,0,0,10,0,0,0,0,0,0,0,0,0,0,0,0,0,0,0,0,0,0,80,0,0,0,0,10,0
3918388,2023.VER.EnmedioExpuesto1.T1Q10.JPG,Confirmed,10,0,0,0,0,0,0,0,0,0,0,0,0,0,0,0,0,0,0,0,0,0,0,0,0,0,0,0,90,0,0,10,0,0,0,0
3918389,2023.VER.EnmedioExpuesto1.T1Q11.JPG,Confirmed,10,0,0,0,0,0,0,0,0,0,0,0,0,0,0,0,0,0,0,0,0,0,0,0,0,0,0,0,10,0,0,90,0,0,0,0
3918390,2023.VER.EnmedioExpuesto1.T1Q1.JPG,Confirmed,10,0,0,0,0,0,0,0,0,0,0,0,0,0,0,0,0,0,0,0,0,0,0,0,0,0,10,0,50,0,0,40,0,0,0,0
3918391,2023.VER.EnmedioExpuesto1.T1Q2.JPG,Confirmed,10,0,0,0,0,0,0,0,0,0,0,0,0,0,0,0,0,0,0,0,0,0,0,0,0,10,0,10,40,0,0,20,0,0,20,0
3918392,2023.VER.EnmedioExpuesto1.T1Q3.JPG,Confirmed,10,0,0,0,0,0,0,0,0,0,0,0,0,0,0,0,0,0,0,30,0,0,0,0,0,0,0,0,50,0,0,20,0,0,0,0
3918393,2023.VER.EnmedioExpuesto1.T1Q4.JPG,Confirmed,10,0,0,0,0,0,0,0,0,0,0,0,0,0,0,0,0,0,0,0,0,0,0,0,0,0,10,0,60,0,0,30,0,0,0,0
3918394,2023.VER.EnmedioExpuesto1.T1Q5.JPG,Confirmed,10,0,0,0,0,0,0,0,0,0,0,0,0,0,0,0,0,0,0,0,0,0,0,0,0,0,10,0,40,0,0,50,0,0,0,0
3918395,2023.VER.EnmedioExpuesto1.T1Q6.JPG,Confirmed,10,0,0,0,0,0,0,0,0,0,0,0,0,0,0,0,0,0,0,0,0,0,0,0,0,0,20,0,40,0,0,20,0,0,20,0
3918396,2023.VER.EnmedioExpuesto1.T1Q7.JPG,Confirmed,10,0,0,0,0,0,0,0,0,0,0,0,0,0,0,0,0,0,0,0,0,0,0,0,0,0,0,0,70,0,0,30,0,0,0,0
3918397,2023.VER.EnmedioExpuesto1.T1Q8.JPG,Confirmed,10,0,0,0,10,0,0,0,0,0,0,0,0,0,0,0,0,0,0,0,0,0,0,0,0,0,0,0,30,0,0,30,0,0,30,0
3918387,2023.VER.EnmedioExpuesto1.T1Q9.JPG,Confirmed,10,0,0,0,0,0,0,10,0,0,0,0,0,0,0,0,0,0,0,0,0,0,0,0,0,0,0,0,90,0,0,0,0,0,0,0
3918399,2023.VER.ENMExpuesto1.T2Q10.JPG,Confirmed,10,0,0,0,10,0,0,0,0,0,0,0,0,0,0,0,0,0,0,0,0,0,0,0,0,0,10,0,60,0,0,20,0,0,0,0
3918400,2023.VER.ENMExpuesto1.T2Q11.JPG,Confirmed,10,0,0,0,0,0,0,0,0,0,0,0,0,0,0,0,0,0,0,0,0,0,0,0,0,0,0,0,100,0,0,0,0,0,0,0
3918401,2023.VER.ENMExpuesto1.T2Q1.JPG,Confirmed,10,0,0,0,0,0,0,0,0,0,0,0,0,0,0,0,0,0,0,0,0,0,0,0,0,0,0,0,30,0,0,50,0,0,20,0
3918402,2023.VER.ENMExpuesto1.T2Q2.JPG,Confirmed,10,0,0,0,0,0,0,0,0,0,0,0,0,0,0,0,0,0,0,0,0,0,0,0,0,0,0,0,40,0,0,60,0,0,0,0
3918403,2023.VER.ENMExpuesto1.T2Q3.JPG,Confirmed,10,0,0,0,0,0,0,0,0,0,0,0,0,0,0,0,0,0,0,0,0,0,0,0,0,0,0,0,30,0,0,60,0,0,10,0
3918404,2023.VER.ENMExpuesto1.T2Q4.JPG,Confirmed,10,0,0,0,0,0,0,0,0,0,0,0,0,0,0,0,0,0,0,0,0,0,0,0,0,0,0,0,70,0,0,30,0,0,0,0
3918405,2023.VER.ENMExpuesto1.T2Q5.JPG,Confirmed,10,0,0,0,0,0,0,0,0,0,0,0,0,0,0,0,0,0,0,0,0,0,0,0,0,0,0,0,50,0,0,50,0,0,0,0
3918406,2023.VER.ENMExpuesto1.T2Q6.JPG,Confirmed,10,0,0,0,0,0,0,0,10,0,0,0,0,0,0,0,0,0,0,0,0,0,0,0,10,10,0,0,40,0,0,30,0,0,0,0
3918407,2023.VER.ENMExpuesto1.T2Q7.JPG,Confirmed,10,0,0,0,0,0,0,0,0,0,0,0,0,0,0,0,0,0,0,0,0,0,0,0,0,0,20,0,70,0,0,10,0,0,0,0
3918408,2023.VER.ENMExpuesto1.T2Q8.JPG,Confirmed,10,0,0,0,0,0,0,0,0,0,0,0,0,0,0,0,0,0,0,0,0,0,0,0,0,0,0,0,50,0,0,10,0,0,40,0
3918398,2023.VER.ENMExpuesto1.T2Q9.JPG,Confirmed,10,0,0,0,0,0,0,0,0,0,0,0,0,0,0,0,0,0,0,0,0,0,0,0,0,10,0,0,50,0,0,0,0,0,40,0
3918410,2023.VER.ENMExpuesto2.T1Q10.JPG,Confirmed,10,0,0,0,0,0,0,0,0,0,0,0,0,0,0,0,0,0,0,0,0,0,0,0,0,0,0,0,30,20,0,30,0,0,20,0
3918411,2023.VER.ENMExpuesto2.T1Q11.JPG,Confirmed,10,0,0,0,0,0,0,0,0,0,0,30,0,0,0,0,0,0,0,0,0,0,0,0,0,0,10,0,10,0,0,0,0,0,50,0
3918412,2023.VER.ENMExpuesto2.T1Q1.JPG,Confirmed,10,0,0,0,10,0,0,0,0,0,0,0,0,0,0,0,0,0,0,0,0,0,0,0,0,10,0,0,10,10,0,0,0,0,60,0
3918413,2023.VER.ENMExpuesto2.T1Q2.JPG,Confirmed,10,0,0,0,0,0,0,0,0,0,0,0,0,0,0,0,0,0,0,0,0,0,0,0,0,0,0,0,20,0,0,0,0,0,80,0
3918414,2023.VER.ENMExpuesto2.T1Q3.JPG,Confirmed,10,0,0,0,10,0,0,0,0,0,0,0,0,0,0,0,0,0,0,0,0,0,0,0,10,10,0,0,0,0,0,0,0,0,70,0
3918415,2023.VER.ENMExpuesto2.T1Q4.JPG,Confirmed,10,0,0,0,0,0,0,0,0,0,0,0,0,0,0,0,0,0,0,0,0,0,0,0,0,0,10,0,10,0,0,0,0,0,80,0
3918416,2023.VER.ENMExpuesto2.T1Q5.JPG,Confirmed,10,0,0,0,0,0,0,30,0,0,0,0,0,0,0,0,0,0,0,0,0,0,0,0,0,0,0,0,0,0,0,10,0,0,60,0
3918417,2023.VER.ENMExpuesto2.T1Q6.JPG,Confirmed,10,0,0,0,0,0,0,0,0,0,0,0,0,0,0,0,0,0,0,0,0,0,0,0,0,0,10,0,0,0,0,20,0,0,70,0
3918418,2023.VER.ENMExpuesto2.T1Q7.JPG,Confirmed,10,0,0,0,0,0,0,0,0,0,0,0,0,0,0,0,0,0,0,0,0,0,0,0,0,0,0,0,0,0,0,20,0,0,80,0
3918419,2023.VER.ENMExpuesto2.T1Q8.JPG,Confirmed,10,0,0,0,20,0,0,0,0,0,0,0,0,0,0,0,0,0,0,0,0,0,0,0,0,10,0,0,20,0,0,40,0,0,10,0
3918409,2023.VER.ENMExpuesto2.T1Q9.JPG,Confirmed,10,0,0,0,30,0,0,0,0,0,0,0,0,0,0,0,0,0,0,0,0,0,0,0,0,0,0,10,40,0,0,20,0,0,0,0
3918432,2023.VER.ENMGorgonias.T1Q10.JPG,Confirmed,10,0,0,0,0,0,0,0,0,0,0,0,10,0,0,0,0,20,0,0,0,0,0,0,30,10,0,0,0,0,0,0,0,0,30,0
3918433,2023.VER.ENMGorgonias.T1Q11.JPG,Confirmed,10,0,0,0,0,0,0,0,0,0,0,0,0,0,0,0,0,0,0,0,0,0,0,0,20,10,0,0,0,10,0,0,0,0,60,0
3918434,2023.VER.ENMGorgonias.T1Q1.JPG,Confirmed,10,0,0,0,0,0,0,0,0,0,0,0,80,0,0,0,0,10,0,0,0,0,0,0,0,0,0,0,0,10,0,0,0,0,0,0
3918435,2023.VER.ENMGorgonias.T1Q2.JPG,Confirmed,10,0,0,0,0,0,0,0,0,0,0,0,20,0,0,0,0,10,0,0,0,0,0,0,10,0,0,0,0,50,0,0,0,0,10,0
3918436,2023.VER.ENMGorgonias.T1Q3.JPG,Confirmed,10,0,0,0,0,0,0,0,0,0,0,0,50,0,0,0,0,0,10,0,0,0,0,0,0,0,0,0,0,20,0,0,0,0,20,0
3918437,2023.VER.ENMGorgonias.T1Q4.JPG,Confirmed,10,0,0,0,0,0,0,0,0,0,0,0,20,0,0,0,0,0,0,30,0,0,0,0,0,0,0,0,0,40,0,0,0,0,10,0
3918438,2023.VER.ENMGorgonias.T1Q5.JPG,Confirmed,10,0,0,0,0,0,0,0,0,0,0,0,50,0,0,0,0,0,0,0,0,0,0,0,0,0,0,0,0,50,0,0,0,0,0,0
3918439,2023.VER.ENMGorgonias.T1Q6.JPG,Confirmed,10,0,0,0,0,0,0,0,0,0,0,0,30,0,0,0,0,0,0,0,0,0,0,0,0,0,0,0,0,50,0,0,0,0,20,0
3918440,2023.VER.ENMGorgonias.T1Q7.JPG,Confirmed,10,0,0,0,0,0,0,0,0,0,0,0,50,0,0,0,0,0,10,10,0,0,0,0,0,0,0,0,0,20,0,0,0,0,10,0
3918441,2023.VER.ENMGorgonias.T1Q8.JPG,Confirmed,10,0,0,0,0,0,0,0,0,0,0,0,0,0,0,0,0,10,0,0,0,0,0,0,10,0,0,0,0,40,0,0,0,0,40,0
3918431,2023.VER.ENMGorgonias.T1Q9.JPG,Confirmed,10,0,0,0,0,0,0,0,0,0,0,0,20,0,0,0,0,20,0,20,0,0,0,0,0,0,0,0,0,40,0,0,0,0,0,0
3918443,2023.VER.ENMGorgonias.T2Q10.JPG,Confirmed,10,0,0,0,0,0,0,0,0,0,0,0,50,0,0,0,0,0,0,10,0,0,0,0,0,20,0,0,0,20,0,0,0,0,0,0
3918444,2023.VER.ENMGorgonias.T2Q11.JPG,Confirmed,10,0,0,0,0,0,0,0,0,0,0,0,40,0,0,0,0,0,10,0,0,0,0,0,0,0,0,0,0,50,0,0,0,0,0,0
3918445,2023.VER.ENMGorgonias.T2Q1.JPG,Confirmed,10,0,0,0,0,0,0,0,0,0,0,0,10,0,0,10,0,10,10,0,0,0,0,0,0,0,0,0,0,10,0,0,0,0,50,0
3918446,2023.VER.ENMGorgonias.T2Q2.JPG,Confirmed,10,0,0,0,0,0,0,0,0,0,0,0,10,0,0,0,0,0,0,0,0,0,0,0,0,0,0,0,0,80,0,0,0,0,10,0
3918447,2023.VER.ENMGorgonias.T2Q3.JPG,Confirmed,10,0,0,0,0,0,0,0,0,0,0,0,0,0,0,0,0,0,20,0,0,0,0,0,0,10,0,0,0,60,0,0,0,0,10,0
3918448,2023.VER.ENMGorgonias.T2Q4.JPG,Confirmed,10,0,0,0,0,0,0,0,0,0,0,0,30,0,0,0,0,30,0,0,0,0,0,0,0,10,0,0,0,30,0,0,0,0,0,0
3918449,2023.VER.ENMGorgonias.T2Q5.JPG,Confirmed,10,0,0,0,0,0,0,0,0,0,0,0,70,0,0,0,0,0,0,0,0,0,0,0,0,10,0,0,0,20,0,0,0,0,0,0
3918450,2023.VER.ENMGorgonias.T2Q6.JPG,Confirmed,10,0,0,0,0,0,0,0,0,0,0,0,70,0,0,0,0,0,0,0,0,0,0,0,0,10,0,0,0,20,0,0,0,0,0,0
3918451,2023.VER.ENMGorgonias.T2Q7.JPG,Confirmed,10,0,0,0,0,0,0,0,0,0,0,0,80,0,0,0,0,0,0,10,0,0,0,0,0,0,0,0,0,10,0,0,0,0,0,0
3918452,2023.VER.ENMGorgonias.T2Q8.JPG,Confirmed,10,0,0,0,0,0,0,0,0,0,0,0,70,0,0,0,0,0,0,10,0,0,0,0,0,0,0,0,0,20,0,0,0,0,0,0
3918442,2023.VER.ENMGorgonias.T2Q9.JPG,Confirmed,10,0,0,0,0,0,0,0,0,0,0,0,60,0,0,0,0,0,0,10,0,0,0,0,10,0,0,0,0,20,0,0,0,0,0,0
3918323,2023.VER.Ensenada.T1Q10.JPG,Confirmed,10,0,0,0,0,0,0,0,0,0,0,10,0,0,0,0,0,0,0,0,0,0,0,0,0,80,0,0,0,0,0,0,0,0,10,0
3918324,2023.VER.Ensenada.T1Q11.JPG,Confirmed,10,0,0,0,0,0,0,0,0,0,0,10,0,0,0,0,0,0,0,0,0,0,0,0,0,60,0,0,0,20,0,0,0,0,10,0
3918325,2023.VER.Ensenada.T1Q1.JPG,Confirmed,10,0,0,0,0,0,0,30,0,0,0,0,0,0,0,0,0,0,0,0,0,0,0,0,0,10,0,0,20,10,0,0,0,0,30,0
3918326,2023.VER.Ensenada.T1Q2.JPG,Confirmed,10,0,0,0,20,0,30,0,0,0,0,0,0,0,0,0,0,0,0,0,0,0,0,0,0,30,10,0,0,10,0,0,0,0,0,0
3918327,2023.VER.Ensenada.T1Q3.JPG,Confirmed,10,0,0,0,0,0,0,0,0,0,0,0,0,0,0,0,0,0,0,0,0,0,0,0,10,90,0,0,0,0,0,0,0,0,0,0
3918328,2023.VER.Ensenada.T1Q4.JPG,Confirmed,10,0,0,0,0,0,0,0,0,0,0,0,0,0,0,0,0,0,0,0,0,0,0,0,0,30,10,0,20,20,0,0,0,0,20,0
3918329,2023.VER.Ensenada.T1Q5.JPG,Confirmed,10,0,0,0,0,0,0,20,0,0,0,0,0,0,0,0,0,0,0,0,0,0,0,0,0,40,10,0,30,0,0,0,0,0,0,0
3918330,2023.VER.Ensenada.T1Q6.JPG,Confirmed,10,0,0,0,0,0,10,0,0,0,0,0,0,0,0,0,0,0,0,0,0,0,0,0,0,90,0,0,0,0,0,0,0,0,0,0
3918331,2023.VER.Ensenada.T1Q7.JPG,Confirmed,10,0,0,0,0,0,0,0,0,0,0,0,0,0,0,0,0,0,0,0,0,0,0,0,0,60,0,10,0,0,0,0,0,0,30,0
3918332,2023.VER.Ensenada.T1Q8.JPG,Confirmed,10,0,0,0,0,0,0,0,0,0,0,0,0,0,0,0,0,0,0,0,0,0,0,0,0,50,0,0,10,0,0,0,0,0,40,0
3918322,2023.VER.Ensenada.T1Q9.JPG,Confirmed,10,0,0,0,0,40,0,0,0,0,0,0,0,0,0,0,0,0,0,0,0,0,0,0,0,60,0,0,0,0,0,0,0,0,0,0
3918334,2023.VER.Ensenada.T2Q10.JPG,Confirmed,10,0,0,0,0,0,0,0,0,0,0,0,0,0,0,0,0,0,0,0,0,0,0,0,0,0,0,0,0,70,0,0,0,0,30,0
3918335,2023.VER.Ensenada.T2Q11.JPG,Confirmed,10,0,0,0,0,0,0,0,10,0,0,0,0,0,0,0,0,0,0,0,0,0,0,0,0,0,0,0,10,60,0,0,0,0,20,0
3918336,2023.VER.Ensenada.T2Q1.JPG,Confirmed,10,0,0,0,0,0,0,0,0,0,0,0,0,0,0,0,0,0,0,0,0,0,0,0,0,0,0,0,0,90,0,0,0,0,10,0
3918337,2023.VER.Ensenada.T2Q2.JPG,Confirmed,10,0,0,0,40,0,10,20,0,0,0,0,0,0,0,0,0,0,0,0,0,0,0,0,0,30,0,0,0,0,0,0,0,0,0,0
3918338,2023.VER.Ensenada.T2Q3.JPG,Confirmed,10,0,0,0,0,0,20,80,0,0,0,0,0,0,0,0,0,0,0,0,0,0,0,0,0,0,0,0,0,0,0,0,0,0,0,0
3918339,2023.VER.Ensenada.T2Q4.JPG,Confirmed,10,0,0,0,0,20,20,30,0,0,0,0,0,0,0,0,0,0,0,0,0,0,0,0,0,10,0,0,0,20,0,0,0,0,0,0
3918340,2023.VER.Ensenada.T2Q5.JPG,Confirmed,10,0,0,0,0,0,0,80,0,0,0,0,0,0,0,0,0,0,0,0,0,0,0,0,0,0,0,0,10,10,0,0,0,0,0,0
3918341,2023.VER.Ensenada.T2Q6.JPG,Confirmed,10,0,0,0,0,0,70,0,0,0,0,0,0,0,0,0,0,0,0,0,0,0,0,0,0,30,0,0,0,0,0,0,0,0,0,0
3918342,2023.VER.Ensenada.T2Q7.JPG,Confirmed,10,0,0,0,0,0,0,10,0,0,0,0,0,0,0,0,0,0,0,0,0,0,0,0,0,0,50,0,0,30,0,0,0,0,10,0
3918343,2023.VER.Ensenada.T2Q8.JPG,Confirmed,10,0,0,0,0,0,0,70,0,0,0,0,0,0,0,0,0,0,0,0,0,0,0,0,0,0,10,0,0,20,0,0,0,0,0,0
3918333,2023.VER.Ensenada.T2Q9.JPG,Confirmed,10,0,0,0,0,0,0,0,0,0,0,0,0,0,0,0,0,0,0,0,0,0,0,0,0,20,0,0,0,80,0,0,0,0,0,0
3918345,2023.VER.EntradaValiente.T1Q10.JPG,Confirmed,10,0,10,0,0,0,30,0,0,0,0,0,0,0,0,0,0,0,0,0,0,0,0,0,0,0,30,0,0,0,0,20,0,0,10,0
3918346,2023.VER.EntradaValiente.T1Q11.JPG,Confirmed,10,0,0,0,0,0,0,0,0,0,0,0,0,0,0,0,0,0,0,0,0,0,0,0,0,0,20,0,50,0,0,0,0,0,30,0
3918347,2023.VER.EntradaValiente.T1Q1.JPG,Confirmed,10,0,0,0,0,0,0,10,0,0,0,0,0,0,0,0,0,0,0,0,0,0,0,0,0,0,10,20,60,0,0,0,0,0,0,0
3918348,2023.VER.EntradaValiente.T1Q2.JPG,Confirmed,10,0,0,0,0,0,0,0,0,0,0,0,0,0,0,0,0,0,0,0,0,0,0,0,0,0,10,0,60,0,0,20,0,0,10,0
3918349,2023.VER.EntradaValiente.T1Q3.JPG,Confirmed,10,0,0,0,0,0,0,0,0,0,0,0,0,0,0,0,0,0,0,0,0,0,0,0,0,0,0,20,20,0,0,30,0,0,30,0
3918350,2023.VER.EntradaValiente.T1Q4.JPG,Confirmed,10,0,0,0,0,0,0,0,0,0,0,0,0,0,0,0,0,0,0,0,0,0,0,0,0,10,0,0,60,0,0,20,0,0,10,0
3918351,2023.VER.EntradaValiente.T1Q5.JPG,Confirmed,10,0,0,0,20,0,0,0,0,0,0,0,0,0,0,0,0,0,0,0,0,0,0,0,0,10,0,0,20,0,0,30,0,0,20,0
3918352,2023.VER.EntradaValiente.T1Q6.JPG,Confirmed,10,0,0,10,0,0,0,0,0,0,0,0,0,0,0,0,0,0,0,0,0,0,0,0,0,0,20,0,20,0,0,20,0,0,30,0
3918353,2023.VER.EntradaValiente.T1Q7.JPG,Confirmed,10,0,0,0,0,0,0,0,10,0,0,0,0,0,0,0,0,0,0,0,0,0,0,0,0,0,30,0,0,10,0,10,0,0,40,0
3918354,2023.VER.EntradaValiente.T1Q8.JPG,Confirmed,10,0,0,0,0,0,0,0,0,0,0,0,0,0,0,0,0,0,0,0,0,0,0,0,0,0,0,0,50,0,0,10,0,0,40,0
3918344,2023.VER.EntradaValiente.T1Q9.JPG,Confirmed,10,0,0,0,0,0,0,0,0,0,0,0,0,0,0,0,0,0,0,0,0,0,0,0,0,0,20,10,30,0,0,40,0,0,0,0
3918356,2023.VER.EntradaValiente.T2Q10.JPG,Confirmed,10,0,0,0,10,0,0,0,20,0,0,0,0,0,0,0,0,0,0,0,0,0,0,0,0,0,0,0,60,0,0,10,0,0,0,0
3918357,2023.VER.EntradaValiente.T2Q11.JPG,Confirmed,10,0,0,0,0,0,0,10,0,10,0,0,0,0,0,0,0,0,0,0,0,0,0,0,0,0,0,20,60,0,0,0,0,0,0,0
3918358,2023.VER.EntradaValiente.T2Q1.JPG,Confirmed,10,0,0,0,0,0,20,0,0,0,0,0,0,0,0,0,0,0,0,0,0,0,0,0,0,10,0,0,60,0,0,10,0,0,0,0
3918359,2023.VER.EntradaValiente.T2Q2.JPG,Confirmed,10,0,0,0,0,0,0,10,20,0,0,0,0,0,0,0,0,0,10,0,0,0,0,0,0,0,10,20,20,0,0,10,0,0,0,0
3918360,2023.VER.EntradaValiente.T2Q3.JPG,Confirmed,10,0,0,0,0,0,0,0,0,0,0,0,0,0,0,0,0,0,0,0,0,0,0,0,0,30,0,10,30,0,0,20,0,0,10,0
3918361,2023.VER.EntradaValiente.T2Q4.JPG,Confirmed,10,0,0,0,0,0,0,0,0,0,0,0,0,0,0,0,0,0,0,0,0,0,0,0,0,0,0,0,40,0,0,50,0,0,10,0
3918362,2023.VER.EntradaValiente.T2Q5.JPG,Confirmed,10,0,0,0,0,0,0,0,0,0,0,0,0,0,0,0,0,0,0,0,0,0,0,0,0,20,10,0,20,0,0,20,0,0,30,0
3918363,2023.VER.EntradaValiente.T2Q6.JPG,Confirmed,10,0,0,0,60,0,0,0,0,0,0,0,0,0,0,0,0,0,0,0,0,0,0,0,0,20,0,0,10,0,0,10,0,0,0,0
3918364,2023.VER.EntradaValiente.T2Q7.JPG,Confirmed,10,0,0,0,10,0,0,20,0,0,0,0,0,0,0,0,0,0,0,0,0,0,0,0,0,0,0,0,20,0,0,10,0,0,40,0
3918365,2023.VER.EntradaValiente.T2Q8.JPG,Confirmed,10,0,0,0,0,0,0,0,0,0,0,0,0,0,0,0,0,0,0,0,0,0,0,0,0,0,0,0,0,0,0,0,0,0,100,0
3918355,2023.VER.EntradaValiente.T2Q9.JPG,Confirmed,10,0,0,0,0,0,0,20,0,0,0,0,0,0,0,0,0,0,0,0,0,0,0,0,0,0,10,0,30,0,0,40,0,0,0,0
3918498,2023.VER.Faro.T1Q10.JPG,Confirmed,10,0,0,0,0,30,0,0,0,0,0,0,0,0,0,0,0,0,0,0,0,0,0,0,0,20,0,0,0,10,0,0,0,0,40,0
3918499,2023.VER.Faro.T1Q11.JPG,Confirmed,10,0,0,0,0,0,0,0,0,0,20,0,0,0,0,0,0,40,0,0,0,0,0,0,0,20,0,0,0,0,0,10,0,0,10,0
3918500,2023.VER.Faro.T1Q1.JPG,Confirmed,10,0,0,0,0,0,0,0,0,0,0,0,0,0,0,0,0,0,0,0,0,0,0,0,0,100,0,0,0,0,0,0,0,0,0,0
3918501,2023.VER.Faro.T1Q2.JPG,Confirmed,10,0,0,0,10,0,0,0,0,0,0,0,0,0,0,0,0,0,0,0,0,0,0,0,0,0,0,20,20,50,0,0,0,0,0,0
3918502,2023.VER.Faro.T1Q3.JPG,Confirmed,10,0,0,0,20,0,0,0,0,0,20,0,0,0,0,0,0,20,0,0,0,0,0,0,0,30,0,0,0,0,0,0,0,0,10,0
3918503,2023.VER.Faro.T1Q4.JPG,Confirmed,10,0,0,0,0,0,0,0,0,0,0,0,0,0,0,0,0,0,0,0,0,0,0,0,0,40,0,0,0,60,0,0,0,0,0,0
3918504,2023.VER.Faro.T1Q5.JPG,Confirmed,10,0,0,0,0,30,0,0,0,0,0,0,0,0,0,0,0,10,30,0,0,0,0,0,0,10,0,0,0,0,0,0,0,0,20,0
3918505,2023.VER.Faro.T1Q6.JPG,Confirmed,10,0,0,0,0,10,0,0,0,0,0,0,30,0,0,0,0,10,10,0,0,0,0,0,0,20,0,0,0,20,0,0,0,0,0,0
3918506,2023.VER.Faro.T1Q7.JPG,Confirmed,10,0,0,0,40,0,0,10,0,0,0,0,0,0,0,0,0,0,0,0,0,0,0,0,0,40,0,0,0,0,0,0,0,0,10,0
3918507,2023.VER.Faro.T1Q8.JPG,Confirmed,10,0,0,0,0,0,0,10,0,0,0,0,0,0,0,0,0,0,0,0,0,0,0,0,0,80,0,0,0,0,0,0,0,0,10,0
3918497,2023.VER.Faro.T1Q9.JPG,Confirmed,10,0,0,0,0,30,10,0,0,0,0,0,0,0,0,0,0,0,40,0,0,0,0,0,0,10,0,0,0,0,0,0,0,0,10,0
3918509,2023.VER.Faro.T2Q10.JPG,Confirmed,10,0,0,0,0,20,0,0,0,0,0,0,50,0,0,0,0,0,10,0,0,0,0,0,0,0,0,0,20,0,0,0,0,0,0,0
3918510,2023.VER.Faro.T2Q11.JPG,Confirmed,10,0,0,0,0,20,0,0,0,0,0,0,40,0,0,0,0,0,10,0,0,0,0,0,0,20,0,0,0,0,0,0,0,0,10,0
3918511,2023.VER.Faro.T2Q1.JPG,Confirmed,10,0,0,0,20,0,0,0,0,0,0,0,0,0,0,0,0,0,10,0,0,0,0,0,0,30,0,0,0,30,0,0,0,0,10,0
3918512,2023.VER.Faro.T2Q2.JPG,Confirmed,10,0,0,0,0,0,0,0,0,0,0,0,50,0,0,0,0,0,0,0,0,0,0,0,0,10,0,0,0,40,0,0,0,0,0,0
3918513,2023.VER.Faro.T2Q3.JPG,Confirmed,10,0,0,0,0,40,0,0,0,0,0,0,10,0,0,0,0,0,30,0,0,0,0,0,0,0,0,0,0,0,0,0,0,0,20,0
3918514,2023.VER.Faro.T2Q4.JPG,Confirmed,10,0,0,0,0,0,0,0,0,0,0,0,50,0,0,0,0,0,0,0,0,0,0,0,0,0,0,0,0,50,0,0,0,0,0,0
3918515,2023.VER.Faro.T2Q5.JPG,Confirmed,10,0,0,0,0,0,0,0,0,0,0,0,30,0,0,0,0,0,0,0,0,0,0,0,0,40,0,0,0,30,0,0,0,0,0,0
3918516,2023.VER.Faro.T2Q6.JPG,Confirmed,10,0,0,0,0,0,0,0,0,0,0,0,30,0,0,0,0,0,10,0,0,0,0,0,0,10,0,0,0,40,0,0,0,0,10,0
3918517,2023.VER.Faro.T2Q7.JPG,Confirmed,10,0,0,0,0,20,0,0,0,0,0,0,10,0,0,0,0,0,0,0,0,0,0,0,0,10,0,0,0,60,0,0,0,0,0,0
3918518,2023.VER.Faro.T2Q8.JPG,Confirmed,10,0,0,0,0,20,0,0,0,0,0,0,10,0,0,0,0,0,0,0,0,0,0,0,0,20,10,0,0,0,0,0,0,0,40,0
3918508,2023.VER.Faro.T2Q9.JPG,Confirmed,10,0,0,0,0,20,0,0,0,0,0,0,10,0,0,0,0,0,30,0,0,0,0,0,0,20,0,0,10,0,0,10,0,0,0,0
3918367,2023.VER.Valiente_pastos_T1Q10.JPG,Confirmed,10,0,0,0,0,0,0,0,0,0,0,0,0,0,0,0,0,0,0,0,0,0,0,0,10,10,0,0,0,20,0,0,0,0,10,50
3918368,2023.VER.Valiente_pastos_T1Q1.JPG,Confirmed,10,0,0,0,0,0,0,0,0,0,0,0,0,0,0,0,0,0,0,0,0,0,0,0,0,0,0,0,0,90,0,0,0,0,10,0
3918369,2023.VER.Valiente_pastos_T1Q2.JPG,Confirmed,10,0,0,0,0,0,0,0,0,0,0,0,0,0,0,0,0,0,0,0,0,0,0,0,0,0,0,0,0,80,0,0,0,0,0,20
3918370,2023.VER.Valiente_pastos_T1Q3.JPG,Confirmed,10,0,0,0,0,0,0,0,0,0,0,0,0,0,0,0,0,0,0,0,0,0,0,0,0,20,0,0,0,60,0,0,0,0,10,10
3918371,2023.VER.Valiente_pastos_T1Q4.JPG,Confirmed,10,0,0,0,0,0,0,0,0,0,0,0,0,0,0,0,0,0,0,0,0,0,0,0,0,10,0,0,0,60,0,0,0,0,0,30
3918372,2023.VER.Valiente_pastos_T1Q5.JPG,Confirmed,10,0,0,0,0,0,0,0,0,0,0,0,0,0,0,0,0,0,0,0,0,0,0,0,0,0,0,0,0,70,0,0,0,30,0,0
3918373,2023.VER.Valiente_pastos_T1Q6.JPG,Confirmed,10,0,0,0,0,0,0,0,0,0,10,0,0,0,0,0,0,0,0,0,0,0,0,0,0,10,0,0,0,20,0,0,10,10,0,40
3918374,2023.VER.Valiente_pastos_T1Q7.JPG,Confirmed,10,0,0,0,0,0,0,0,0,0,0,0,0,0,0,0,0,0,0,0,0,0,0,0,0,0,0,0,0,80,0,0,0,0,0,20
3918375,2023.VER.Valiente_pastos_T1Q8.JPG,Confirmed,10,0,0,0,0,0,0,0,0,0,0,0,0,0,0,0,0,0,0,0,0,0,0,0,0,0,0,0,0,70,0,0,0,0,0,30
3918366,2023.VER.Valiente_pastos_T1Q9.JPG,Confirmed,10,0,0,0,0,0,0,0,0,0,0,0,0,0,0,0,0,0,0,0,0,0,0,0,0,0,0,0,0,10,0,0,0,0,0,90
3918377,2023.VER.ValientePastos_T2Q10.JPG,Confirmed,10,0,0,0,0,0,0,0,0,0,0,0,0,0,0,0,0,0,0,0,0,0,0,0,0,20,0,0,0,40,0,0,0,0,40,0
3918378,2023.VER.ValientePastos_T2Q11.JPG,Confirmed,10,0,0,0,0,0,0,0,0,0,0,0,0,0,0,0,0,0,0,0,0,0,0,0,0,0,0,0,0,80,0,0,0,0,0,20
3918379,2023.VER.ValientePastos_T2Q1.JPG,Confirmed,10,0,0,0,0,0,0,0,0,0,0,0,0,0,0,0,0,0,0,0,0,0,0,0,20,20,0,0,30,10,0,0,0,0,20,0
3918380,2023.VER.ValientePastos_T2Q2.JPG,Confirmed,10,0,0,0,0,0,0,0,0,0,0,0,0,0,0,0,0,0,0,0,0,0,0,0,0,20,0,0,10,60,0,0,0,0,0,10
3918381,2023.VER.ValientePastos_T2Q3.JPG,Confirmed,10,0,0,0,0,0,0,0,0,0,0,0,0,0,0,0,0,0,0,0,0,0,0,0,0,20,0,0,0,40,0,0,0,30,0,10
3918382,2023.VER.ValientePastos_T2Q4.JPG,Confirmed,10,0,0,0,0,0,0,0,0,0,0,0,0,0,0,0,0,0,0,0,0,0,0,0,0,30,0,0,0,60,0,0,0,10,0,0
3918383,2023.VER.ValientePastos_T2Q5.JPG,Confirmed,10,0,0,0,0,0,0,0,0,0,0,0,0,0,0,0,0,0,0,0,0,0,0,0,0,30,0,0,0,10,0,0,10,10,10,30
3918384,2023.VER.ValientePastos_T2Q6.JPG,Confirmed,10,0,0,0,10,0,0,0,0,0,0,0,0,0,0,0,0,0,0,0,0,0,0,0,0,30,0,0,0,50,0,0,0,10,0,0
3918385,2023.VER.ValientePastos_T2Q7.JPG,Confirmed,10,0,0,0,0,0,0,0,0,0,0,0,0,0,0,0,0,0,0,0,0,0,0,0,0,20,0,0,0,80,0,0,0,0,0,0
3918386,2023.VER.ValientePastos_T2Q8.JPG,Confirmed,10,0,0,0,0,0,0,0,0,0,0,0,0,0,0,0,0,0,0,0,0,0,0,0,0,50,0,0,0,30,0,0,0,0,20,0
3918376,2023.VER.ValientePastos_T2Q9.JPG,Confirmed,10,0,0,0,0,0,0,0,0,0,0,0,0,0,0,0,0,0,0,0,0,0,0,0,0,0,0,0,0,100,0,0,0,0,0,0
ALL IMAGES,,,,0.335,0.03,0.03,3.232,4.299,0.701,2.256,0.213,0.03,1.89,0.274,6.707,0.061,0.03,0.03,0.03,0.823,1.463,0.976,0.091,0.061,0.03,0.03,11.037,7.317,2.317,0.884,17.683,18.293,0.03,4.817,0.061,0.305,12.53,1.098
